{"cameraMode":{"drawMode":0,"name":"Shaded","section":"Shading Mode"},"sceneLighting":false,"audioPlay":false,"sceneViewState":{"m_AlwaysRefresh":false,"showFog":true,"showSkybox":false,"showFlares":true,"showImageEffects":true,"showParticleSystems":true,"showVisualEffectGraphs":true,"m_FxEnabled":true},"in2DMode":false,"pivot":{"x":0.13622596859931947,"y":0.017621425911784173,"z":0.007442793808877468},"rotation":{"x":0.002513393759727478,"y":0.996941864490509,"z":-0.06920850276947022,"w":0.036205995827913287},"size":1.792519211769104,"orthographic":false}