{"cameraMode":{"drawMode":0,"name":"Shaded","section":"Shading Mode"},"sceneLighting":false,"audioPlay":false,"sceneViewState":{"m_AlwaysRefresh":false,"showFog":true,"showSkybox":false,"showFlares":true,"showImageEffects":true,"showParticleSystems":true,"showVisualEffectGraphs":true,"m_FxEnabled":true},"in2DMode":false,"pivot":{"x":9.918185234069825,"y":0.4889465570449829,"z":15.904884338378907},"rotation":{"x":-0.06702998280525208,"y":0.9285672307014465,"z":-0.20697280764579774,"w":-0.3007246255874634},"size":0.5934754014015198,"orthographic":false}