{"cameraMode":{"drawMode":0,"name":"Shaded","section":"Shading Mode"},"sceneLighting":true,"audioPlay":false,"sceneViewState":{"m_AlwaysRefresh":false,"showFog":true,"showSkybox":true,"showFlares":true,"showImageEffects":true,"showParticleSystems":true,"showVisualEffectGraphs":true,"m_FxEnabled":true},"in2DMode":false,"pivot":{"x":-156.68148803710938,"y":-125.01028442382813,"z":-213.15261840820313},"rotation":{"x":-0.06702998280525208,"y":0.9285672307014465,"z":-0.20697280764579774,"w":-0.3007246255874634},"size":157.29148864746095,"orthographic":false}